{
  "id": "/subscriptions/a0a76921-8314-4e72-ad88-0a3d48d7e02e/resourceGroups/ML_Santa_Cruz_Speech/providers/Microsoft.Resources/deployments/Microsoft.MachineLearningServices",
  "name": "Microsoft.MachineLearningServices",
  "type": "Microsoft.Resources/deployments",
  "tags": {
    "primaryResourceId": "/subscriptions/a0a76921-8314-4e72-ad88-0a3d48d7e02e/resourcegroups/ML_Santa_Cruz_Speech/providers/Microsoft.MachineLearningServices/workspaces/Vizib",
    "marketplaceItemId": "Microsoft.MachineLearningServices",
    "provisioningHash": "iwuh-wccbe-tt0-2enb-ioes-849e-tircx-guw6"
  },
  "properties": {
    "templateHash": "12492297736701279362",
    "parameters": {
      "workspaceName": {
        "type": "String",
        "value": "Vizib"
      },
      "location": {
        "type": "String",
        "value": "eastus2"
      },
      "resourceGroupName": {
        "type": "String",
        "value": "ML_Santa_Cruz_Speech"
      },
      "sku": {
        "type": "String",
        "value": "Basic"
      },
      "identityType": {
        "type": "String",
        "value": "systemAssigned"
      },
      "primaryUserAssignedIdentityResourceGroup": {
        "type": "String",
        "value": "ML_Santa_Cruz_Speech"
      },
      "primaryUserAssignedIdentityName": {
        "type": "String",
        "value": ""
      },
      "storageAccountOption": {
        "type": "String",
        "value": "new"
      },
      "storageAccountName": {
        "type": "String",
        "value": "vizib1437541449"
      },
      "storageAccountType": {
        "type": "String",
        "value": "Standard_LRS"
      },
      "storageAccountBehindVNet": {
        "type": "String",
        "value": "false"
      },
      "storageAccountResourceGroupName": {
        "type": "String",
        "value": "ML_Santa_Cruz_Speech"
      },
      "storageAccountLocation": {
        "type": "String",
        "value": "eastus2"
      },
      "keyVaultOption": {
        "type": "String",
        "value": "new"
      },
      "keyVaultName": {
        "type": "String",
        "value": "vizib3122309065"
      },
      "keyVaultBehindVNet": {
        "type": "String",
        "value": "false"
      },
      "keyVaultResourceGroupName": {
        "type": "String",
        "value": "ML_Santa_Cruz_Speech"
      },
      "keyVaultLocation": {
        "type": "String",
        "value": "eastus2"
      },
      "applicationInsightsOption": {
        "type": "String",
        "value": "new"
      },
      "applicationInsightsName": {
        "type": "String",
        "value": "vizib0697343796"
      },
      "applicationInsightsResourceGroupName": {
        "type": "String",
        "value": "ML_Santa_Cruz_Speech"
      },
      "applicationInsightsLocation": {
        "type": "String",
        "value": "eastus2"
      },
      "containerRegistryOption": {
        "type": "String",
        "value": "none"
      },
      "containerRegistryName": {
        "type": "String",
        "value": "cr74dmmstqsr57i"
      },
      "containerRegistrySku": {
        "type": "String",
        "value": "Standard"
      },
      "containerRegistryResourceGroupName": {
        "type": "String",
        "value": "ML_Santa_Cruz_Speech"
      },
      "containerRegistryBehindVNet": {
        "type": "String",
        "value": "false"
      },
      "containerRegistryLocation": {
        "type": "String",
        "value": "eastus2"
      },
      "vnetOption": {
        "type": "String",
        "value": "none"
      },
      "vnetName": {
        "type": "String",
        "value": "vn74dmmstqsr57i"
      },
      "vnetResourceGroupName": {
        "type": "String",
        "value": "ML_Santa_Cruz_Speech"
      },
      "addressPrefixes": {
        "type": "Array",
        "value": [
          "10.0.0.0/16"
        ]
      },
      "subnetOption": {
        "type": "String",
        "value": "none"
      },
      "subnetName": {
        "type": "String",
        "value": "sn74dmmstqsr57i"
      },
      "subnetPrefix": {
        "type": "String",
        "value": "10.0.0.0/24"
      },
      "adbWorkspace": {
        "type": "String",
        "value": ""
      },
      "confidential_data": {
        "type": "String",
        "value": "false"
      },
      "encryption_status": {
        "type": "String",
        "value": "Disabled"
      },
      "cmk_keyvault": {
        "type": "String",
        "value": ""
      },
      "resource_cmk_uri": {
        "type": "String",
        "value": ""
      },
      "privateEndpointType": {
        "type": "String",
        "value": "none"
      },
      "tagValues": {
        "type": "Object",
        "value": {}
      },
      "privateEndpointName": {
        "type": "String",
        "value": "pe"
      },
      "privateEndpointResourceGroupName": {
        "type": "String",
        "value": "ML_Santa_Cruz_Speech"
      }
    },
    "mode": "Incremental",
    "debugSetting": {
      "detailLevel": "None"
    },
    "provisioningState": "Running",
    "timestamp": "2021-04-04T05:48:45.2219073Z",
    "duration": "PT3.5967111S",
    "correlationId": "d43d5637-695f-4788-aa54-15e77f4ed695",
    "providers": [
      {
        "namespace": "Microsoft.Storage",
        "resourceTypes": [
          {
            "resourceType": "storageAccounts",
            "locations": [
              "eastus2"
            ]
          }
        ]
      },
      {
        "namespace": "Microsoft.KeyVault",
        "resourceTypes": [
          {
            "resourceType": "vaults",
            "locations": [
              "eastus2"
            ]
          }
        ]
      },
      {
        "namespace": "Microsoft.Insights",
        "resourceTypes": [
          {
            "resourceType": "components",
            "locations": [
              "eastus2"
            ]
          }
        ]
      },
      {
        "namespace": "Microsoft.MachineLearningServices",
        "resourceTypes": [
          {
            "resourceType": "workspaces",
            "locations": [
              "eastus2"
            ]
          }
        ]
      }
    ],
    "dependencies": [
      {
        "dependsOn": [
          {
            "id": "/subscriptions/a0a76921-8314-4e72-ad88-0a3d48d7e02e/resourceGroups/ML_Santa_Cruz_Speech/providers/Microsoft.Network/virtualNetworks/vn74dmmstqsr57i",
            "resourceType": "Microsoft.Network/virtualNetworks",
            "resourceName": "vn74dmmstqsr57i"
          }
        ],
        "id": "/subscriptions/a0a76921-8314-4e72-ad88-0a3d48d7e02e/resourceGroups/ML_Santa_Cruz_Speech/providers/Microsoft.Network/virtualNetworks/vn74dmmstqsr57i/subnets/sn74dmmstqsr57i",
        "resourceType": "Microsoft.Network/virtualNetworks/subnets",
        "resourceName": "vn74dmmstqsr57i/sn74dmmstqsr57i"
      },
      {
        "dependsOn": [
          {
            "id": "/subscriptions/a0a76921-8314-4e72-ad88-0a3d48d7e02e/resourceGroups/ML_Santa_Cruz_Speech/providers/Microsoft.Network/virtualNetworks/vn74dmmstqsr57i/subnets/sn74dmmstqsr57i",
            "resourceType": "Microsoft.Network/virtualNetworks/subnets",
            "resourceName": "vn74dmmstqsr57i/sn74dmmstqsr57i"
          }
        ],
        "id": "/subscriptions/a0a76921-8314-4e72-ad88-0a3d48d7e02e/resourceGroups/ML_Santa_Cruz_Speech/providers/Microsoft.Resources/deployments/UpdateSubnetPolicy-y4iwhs4t32m2i",
        "resourceType": "Microsoft.Resources/deployments",
        "resourceName": "UpdateSubnetPolicy-y4iwhs4t32m2i"
      },
      {
        "dependsOn": [
          {
            "id": "/subscriptions/a0a76921-8314-4e72-ad88-0a3d48d7e02e/resourceGroups/ML_Santa_Cruz_Speech/providers/Microsoft.Network/virtualNetworks/vn74dmmstqsr57i/subnets/sn74dmmstqsr57i",
            "resourceType": "Microsoft.Network/virtualNetworks/subnets",
            "resourceName": "vn74dmmstqsr57i/sn74dmmstqsr57i"
          }
        ],
        "id": "/subscriptions/a0a76921-8314-4e72-ad88-0a3d48d7e02e/resourceGroups/ML_Santa_Cruz_Speech/providers/Microsoft.Storage/storageAccounts/vizib1437541449",
        "resourceType": "Microsoft.Storage/storageAccounts",
        "resourceName": "vizib1437541449"
      },
      {
        "dependsOn": [
          {
            "id": "/subscriptions/a0a76921-8314-4e72-ad88-0a3d48d7e02e/resourceGroups/ML_Santa_Cruz_Speech/providers/Microsoft.Network/virtualNetworks/vn74dmmstqsr57i/subnets/sn74dmmstqsr57i",
            "resourceType": "Microsoft.Network/virtualNetworks/subnets",
            "resourceName": "vn74dmmstqsr57i/sn74dmmstqsr57i"
          }
        ],
        "id": "/subscriptions/a0a76921-8314-4e72-ad88-0a3d48d7e02e/resourceGroups/ML_Santa_Cruz_Speech/providers/Microsoft.KeyVault/vaults/vizib3122309065",
        "resourceType": "Microsoft.KeyVault/vaults",
        "resourceName": "vizib3122309065"
      },
      {
        "dependsOn": [
          {
            "id": "/subscriptions/a0a76921-8314-4e72-ad88-0a3d48d7e02e/resourceGroups/ML_Santa_Cruz_Speech/providers/Microsoft.Network/virtualNetworks/vn74dmmstqsr57i/subnets/sn74dmmstqsr57i",
            "resourceType": "Microsoft.Network/virtualNetworks/subnets",
            "resourceName": "vn74dmmstqsr57i/sn74dmmstqsr57i"
          }
        ],
        "id": "/subscriptions/a0a76921-8314-4e72-ad88-0a3d48d7e02e/resourceGroups/ML_Santa_Cruz_Speech/providers/Microsoft.ContainerRegistry/registries/cr74dmmstqsr57i",
        "resourceType": "Microsoft.ContainerRegistry/registries",
        "resourceName": "cr74dmmstqsr57i"
      },
      {
        "dependsOn": [
          {
            "id": "/subscriptions/a0a76921-8314-4e72-ad88-0a3d48d7e02e/resourceGroups/ML_Santa_Cruz_Speech/providers/Microsoft.Storage/storageAccounts/vizib1437541449",
            "resourceType": "Microsoft.Storage/storageAccounts",
            "resourceName": "vizib1437541449"
          },
          {
            "id": "/subscriptions/a0a76921-8314-4e72-ad88-0a3d48d7e02e/resourceGroups/ML_Santa_Cruz_Speech/providers/Microsoft.KeyVault/vaults/vizib3122309065",
            "resourceType": "Microsoft.KeyVault/vaults",
            "resourceName": "vizib3122309065"
          },
          {
            "id": "/subscriptions/a0a76921-8314-4e72-ad88-0a3d48d7e02e/resourceGroups/ML_Santa_Cruz_Speech/providers/Microsoft.Insights/components/vizib0697343796",
            "resourceType": "Microsoft.Insights/components",
            "resourceName": "vizib0697343796"
          },
          {
            "id": "/subscriptions/a0a76921-8314-4e72-ad88-0a3d48d7e02e/resourceGroups/ML_Santa_Cruz_Speech/providers/Microsoft.ContainerRegistry/registries/cr74dmmstqsr57i",
            "resourceType": "Microsoft.ContainerRegistry/registries",
            "resourceName": "cr74dmmstqsr57i"
          }
        ],
        "id": "/subscriptions/a0a76921-8314-4e72-ad88-0a3d48d7e02e/resourceGroups/ML_Santa_Cruz_Speech/providers/Microsoft.MachineLearningServices/workspaces/Vizib",
        "resourceType": "Microsoft.MachineLearningServices/workspaces",
        "resourceName": "Vizib"
      },
      {
        "dependsOn": [
          {
            "id": "/subscriptions/a0a76921-8314-4e72-ad88-0a3d48d7e02e/resourceGroups/ML_Santa_Cruz_Speech/providers/Microsoft.MachineLearningServices/workspaces/Vizib",
            "resourceType": "Microsoft.MachineLearningServices/workspaces",
            "resourceName": "Vizib"
          },
          {
            "id": "/subscriptions/a0a76921-8314-4e72-ad88-0a3d48d7e02e/resourceGroups/ML_Santa_Cruz_Speech/providers/Microsoft.Network/virtualNetworks/vn74dmmstqsr57i/subnets/sn74dmmstqsr57i",
            "resourceType": "Microsoft.Network/virtualNetworks/subnets",
            "resourceName": "vn74dmmstqsr57i/sn74dmmstqsr57i"
          }
        ],
        "id": "/subscriptions/a0a76921-8314-4e72-ad88-0a3d48d7e02e/resourceGroups/ML_Santa_Cruz_Speech/providers/Microsoft.Resources/deployments/DeployPrivateEndpoint-4yxlorfvgucfo",
        "resourceType": "Microsoft.Resources/deployments",
        "resourceName": "DeployPrivateEndpoint-4yxlorfvgucfo"
      }
    ],
    "validationLevel": "Template"
  }
}